{
  "喵子冰淇淋": {
    "name": "喵子冰淇淋",
    "image_url": "https://cdn.discordapp.com/attachments/1065499202584588308/1112917410262024252/4.png",
    "price": 33
  },
    "兔几便当盒": {
    "name": "兔几便当盒",
    "image_url": "https://cdn.discordapp.com/attachments/1065499202584588308/1112917508895277126/3.png",
    "price": 66
  },
  "气噗噗的老头": {
    "name": "气噗噗的老头",
    "image_url": "https://cdn.discordapp.com/attachments/914691357031936021/1094465332569182320/F21DE28F-76C4-4D50-B8D2-39498A1DC8D4.png",
    "price": 7.88
  },
  "sb14k": {
    "name": "sb14k",
    "image_url": "https://media.discordapp.net/attachments/926619981981044747/1083137814822142123/sb14k.png?width=1643&height=924",
    "price": 6.6
  },
  "印花集": {
    "name": "印花集",
    "image_url": "https://media.discordapp.net/attachments/963181226414444544/1036669286384672848/unknown.png?width=1643&height=924",
    "price": 6.6
  },
  "要抱抱": {
    "name": "要抱抱",
    "image_url": "https://media.discordapp.net/attachments/963181226414444544/1036670044534485064/unknown.png?width=1643&height=924",
    "price": 13.14
  },
  "枪响人亡": {
    "name": "枪响人亡",
    "image_url": "https://media.discordapp.net/attachments/963181226414444544/1036669353426423958/unknown.png?width=1643&height=924",
    "price": 28.8
  },
  "生日蛋糕": {
    "name": "生日蛋糕",
    "image_url": "https://media.discordapp.net/attachments/914691357031936021/981437281565024307/unknown.png?width=1643&height=924",
    "price": 33.44
  },
  "水栽竹": {
    "name": "水栽竹",
    "image_url": "https://media.discordapp.net/attachments/963181226414444544/1036669777256665200/unknown.png?width=1643&height=924",
    "price": 52
  },
  "美杜莎": {
    "name": "美杜莎",
    "image_url": "https://media.discordapp.net/attachments/963181226414444544/1036669807573078127/unknown.png?width=1643&height=924",
    "price": 88
  },
  "波塞冬": {
    "name": "波塞冬",
    "image_url": "https://media.discordapp.net/attachments/963181226414444544/1036669842637467678/unknown.png?width=1643&height=924",
    "price": 128
  },
  "骑士": {
    "name": "印花集",
    "image_url": "https://media.discordapp.net/attachments/963181226414444544/1036669880096792606/unknown.png?width=1643&height=924",
    "price": 188
  },
  "野荷": {
    "name": "野荷",
    "image_url": "https://media.discordapp.net/attachments/963181226414444544/1036669915693850705/unknown.png?width=1643&height=924",
    "price": 266
  },
  "咆哮": {
    "name": "咆哮",
    "image_url": "https://media.discordapp.net/attachments/963181226414444544/1036669969653571654/unknown.png?width=1643&height=924",
    "price": 520
  },
  "潘多拉": {
    "name": "潘多拉",
    "image_url": "https://media.discordapp.net/attachments/963181226414444544/1036670007653978193/unknown.png?width=1643&height=924",
    "price": 888
  },
  "永恒之枪": {
    "name": "永恒之枪",
    "image_url": "https://media.discordapp.net/attachments/963181226414444544/1036670067548639302/unknown.png?width=1643&height=924",
    "price": 1314
  },
  "巨龙传说": {
    "name": "咆哮",
    "image_url": "https://media.discordapp.net/attachments/963181226414444544/1036670095881142322/unknown.png?width=1643&height=924",
    "price": 5200
  }
}
