{
  "三日冠": {
    "name": "骑士之誓  三日冠！",
    "price": 365.0,
    "image_url": "https://media.discordapp.net/attachments/1036320111042236518/1038491411567366214/0c719feeac9feaa1fec579ec710cefeb.png?width=1659&height=933"
  },
  "半日冠": {
    "name": "半日冠名！",
    "price": 66.0,
    "image_url": "https://media.discordapp.net/attachments/1036320111042236518/1038491409575067708/794AC5CE-A8CE-44C6-9696-8778F6B7C4BC.png?width=1659&height=933"
  },
  "日冠": {
    "name": "一日冠名！",
    "price": 131.4,
    "image_url": "https://media.discordapp.net/attachments/1040080636830040084/1070339887544418367/0ee844c8ddcb9ffc121e582b52124046.png?width=1875&height=1055"
  },

  "五日冠": {
    "name": "五日冠名！",
    "price": 521.4,
    "image_url": "https://media.discordapp.net/attachments/1040080636830040084/1070339888924336179/8a07a4d5afa6ddca91b738ae790d870.png?width=1875&height=1055"
  }
}