client1,client2,value1,time
1,0,0.0,
1,717898166011297842,13.2,2023-06-10 23:24:33.486622-04:00
784624817046421515,906310897235009568,6.6,2023-06-10 22:56:39.891915-04:00
388176255167496200,1078907577687089222,6.6,2023-06-10 23:37:41.994237-04:00
388176255167496200,612067911217184818,6.6,2023-06-10 23:37:42.001074-04:00
388176255167496200,784624817046421515,6.6,2023-06-10 23:37:42.006359-04:00
422994555923726338,420882722425143298,6.6,2023-06-10 23:42:48.730656-04:00
422994555923726338,1055073077123371090,6.6,2023-06-10 23:42:48.734354-04:00
422994555923726338,449410317597016074,6.6,2023-06-10 23:42:48.738130-04:00
799885323982340146,784624817046421515,6.6,2023-06-11 00:14:59.771281-04:00
428451817635053569,769491336138719253,6.6,2023-06-11 00:43:58.036789-04:00
428451817635053569,718938302358749395,6.6,2023-06-11 00:43:58.040575-04:00
428451817635053569,242437101893844992,6.6,2023-06-11 00:43:58.044384-04:00
892702057465798667,221077351834976258,6.6,2023-06-11 00:44:55.446497-04:00
892702057465798667,491771607723802646,13.2,2023-06-17 14:13:35.038012-04:00
341416131497820160,549772809191161868,6.6,2023-06-11 00:48:23.258584-04:00
416383984864329758,728405992320008332,6.6,2023-06-11 01:43:10.359823-04:00
617595835122974730,406734834359074816,13.2,2023-06-14 20:16:22.159264-04:00
617595835122974730,388176255167496200,16.5,2023-06-18 02:17:07.857803-04:00
416383984864329758,1105935202095730849,6.6,2023-06-11 01:49:47.190085-04:00
754003072807731301,966828978772000788,6.6,2023-06-11 02:03:15.999216-04:00
388176255167496200,611740793870352384,6.6,2023-06-11 02:17:16.753497-04:00
799885323982340146,576980014977777676,6.6,2023-06-11 02:20:09.071379-04:00
611740793870352384,406734834359074816,6.6,2023-06-11 02:32:50.959756-04:00
416383984864329758,769491336138719253,6.6,2023-06-11 02:48:30.037897-04:00
515741172098924547,966828978772000788,13.2,2023-06-11 17:23:10.028991-04:00
416383984864329758,1083870894465749203,128.7,2023-06-18 02:35:22.182718-04:00
966828978772000788,1055073077123371090,23.1,2023-06-17 20:46:02.386764-04:00
428451817635053569,548273887683674132,6.6,2023-06-11 05:48:12.780372-04:00
428451817635053569,826343607328833567,6.6,2023-06-11 06:33:23.905493-04:00
799885323982340146,874928369379201034,6.6,2023-06-11 07:06:34.463176-04:00
430842498492006420,577168342293544983,6.6,2023-06-11 07:45:54.965532-04:00
576962723540369454,805375805805821952,6.6,2023-06-11 07:48:17.419078-04:00
611740793870352384,877559332475134032,6.6,2023-06-11 08:50:00.785873-04:00
611740793870352384,496261809041571851,6.6,2023-06-11 09:03:23.743890-04:00
966828978772000788,874928369379201034,6.6,2023-06-11 10:00:35.498837-04:00
619731672228954167,449410317597016074,6.6,2023-06-11 10:33:38.853808-04:00
491771607723802646,665430191710928896,6.6,2023-06-11 12:26:35.452722-04:00
491771607723802646,631938129506336788,6.6,2023-06-11 12:26:35.456557-04:00
737413108775256135,983916600832974868,6.6,2023-06-11 13:00:27.152071-04:00
637754336201408532,416383984864329758,6.6,2023-06-11 13:06:19.608713-04:00
625187840837287937,966828978772000788,229.8,2023-06-16 23:37:08.084092-04:00
625187840837287937,794985389936869377,210.0,2023-06-11 13:09:20.895535-04:00
625187840837287937,718938302358749395,210.0,2023-06-11 13:09:20.900567-04:00
625187840837287937,807455755711545354,219.9,2023-06-22 21:39:21.855690-04:00
625187840837287937,911413267526742076,16.5,2023-06-22 16:43:23.722415-04:00
341997113393283093,993515826684637196,13.2,2023-06-13 07:11:43.618179-04:00
868241768787869726,944660312899088405,99.0,2023-06-22 18:40:17.878622-04:00
868241768787869726,915385474313490502,42.9,2023-06-18 23:42:41.040590-04:00
754003072807731301,951594791571968060,6.6,2023-06-11 14:50:06.303983-04:00
754003072807731301,911413267526742076,6.6,2023-06-11 14:50:06.310363-04:00
868241768787869726,1083870894465749203,6.6,2023-06-11 15:21:08.623810-04:00
868241768787869726,826343607328833567,46.2,2023-06-20 19:28:51.112563-04:00
422207359662817300,388176255167496200,6.6,2023-06-11 16:31:12.861924-04:00
357665910498000898,418913384734523430,6.6,2023-06-11 16:38:10.723460-04:00
1099135223247147143,1011665060243976234,6.6,2023-06-11 16:47:34.319197-04:00
357665910498000898,549772809191161868,6.6,2023-06-11 16:47:55.021090-04:00
868241768787869726,1011665060243976234,6.6,2023-06-11 17:08:19.384256-04:00
966828978772000788,243623018864050176,6.6,2023-06-11 19:28:31.388167-04:00
665430191710928896,753544412264398890,6.6,2023-06-11 19:41:48.855146-04:00
868241768787869726,428451817635053569,13.2,2023-06-12 15:41:06.983925-04:00
590522801463754764,753544412264398890,6.6,2023-06-11 20:17:40.386573-04:00
1007081691535392848,826343607328833567,6.6,2023-06-11 20:36:28.213402-04:00
1007081691535392848,1107580574790602792,6.6,2023-06-11 20:38:22.769883-04:00
341997113393283093,418913384734523430,6.6,2023-06-11 20:52:13.186688-04:00
424213351439269890,729836457396797522,138.0,2023-06-12 03:43:40.013468-04:00
799885323982340146,915385474313490502,6.6,2023-06-11 21:21:26.155604-04:00
451201495795236869,275767588204707841,6.6,2023-06-11 21:31:50.010625-04:00
223964665162629121,868241768787869726,13.2,2023-06-14 12:44:19.539291-04:00
223964665162629121,534099262292623381,112.2,2023-06-23 14:35:07.602478-04:00
223964665162629121,536769356558893056,6.6,2023-06-11 21:37:00.722824-04:00
223964665162629121,1070810378847662080,6.6,2023-06-11 22:01:39.602443-04:00
223964665162629121,812739370129424385,6.6,2023-06-11 22:01:39.606624-04:00
223964665162629121,575414193042227200,6.6,2023-06-11 22:01:39.610725-04:00
357665910498000898,857958176607305738,6.6,2023-06-11 22:03:55.615056-04:00
664300862004527169,179419501580910600,66.0,2023-06-11 22:14:14.991251-04:00
892702057465798667,799885323982340146,6.6,2023-06-11 22:19:19.546212-04:00
892702057465798667,590522801463754764,6.6,2023-06-11 22:19:19.551756-04:00
357665910498000898,415782683889893376,66.0,2023-06-11 22:28:17.518790-04:00
952388162150367322,415782683889893376,99.0,2023-06-11 22:54:34.413883-04:00
952388162150367322,248780267815174165,99.0,2023-06-11 22:54:34.417852-04:00
952388162150367322,956219043474460692,99.0,2023-06-11 22:54:34.422092-04:00
952388162150367322,1073528163503702017,99.0,2023-06-11 22:54:34.426292-04:00
952388162150367322,369661960590983170,99.0,2023-06-11 22:54:34.430532-04:00
952388162150367322,799885323982340146,99.0,2023-06-11 22:54:34.434660-04:00
630543219461193738,377661680043425793,6.6,2023-06-11 22:59:25.755093-04:00
494316157864640519,657627973754552401,6.6,2023-06-11 23:32:09.446471-04:00
445318809004408832,728405992320008332,6.6,2023-06-11 23:40:44.978123-04:00
491771607723802646,697803212832374854,6.6,2023-06-11 23:41:52.184313-04:00
491771607723802646,1016463937367195699,13.2,2023-06-14 10:14:44.428496-04:00
388176255167496200,918699878350221422,66.0,2023-06-11 23:41:55.217583-04:00
408785106942164992,906310897235009568,6.6,2023-06-11 23:56:54.137900-04:00
341997113393283093,906310897235009568,6.6,2023-06-11 23:57:49.088317-04:00
737413108775256135,751546017937096704,6.6,2023-06-12 00:04:54.989033-04:00
625187840837287937,943873702183985162,6.6,2023-06-12 00:43:41.157229-04:00
1031987322549444658,1097582027475275846,6.6,2023-06-12 00:49:08.839689-04:00
753334993241112635,652734883545743410,16.5,2023-06-20 11:02:35.081594-04:00
753334993241112635,729836457396797522,6.6,2023-06-12 01:08:53.921706-04:00
445318809004408832,975434343264686080,6.6,2023-06-12 01:16:35.154880-04:00
430842498492006420,1049878480424284233,13.2,2023-06-12 01:18:08.788354-04:00
430842498492006420,1062226006791950387,6.6,2023-06-12 01:18:08.792496-04:00
625187840837287937,446516271383707648,6.6,2023-06-12 01:25:19.792953-04:00
625187840837287937,1097582027475275846,132.3,2023-06-15 07:10:02.190034-04:00
966828978772000788,1097582027475275846,6.6,2023-06-12 02:09:35.774376-04:00
377661680043425793,353339858032525314,6.6,2023-06-12 02:18:52.455624-04:00
377661680043425793,904524239472852993,6.6,2023-06-12 02:22:27.059162-04:00
1099135223247147143,657627973754552401,66.0,2023-06-12 02:32:23.955662-04:00
1099135223247147143,483479904873218059,66.0,2023-06-12 02:32:23.959602-04:00
777295376599351307,235047680361889792,6.6,2023-06-12 02:51:36.146052-04:00
681036422597181505,915385474313490502,6.6,2023-06-12 02:56:43.124077-04:00
799885323982340146,546327918435893248,13.2,2023-06-14 09:33:54.085661-04:00
617595835122974730,420882722425143298,119.1,2023-06-17 03:53:31.572337-04:00
617595835122974730,314578645589032960,112.5,2023-06-12 03:21:43.804624-04:00
513267857358979082,1030076821611479081,6.6,2023-06-12 03:35:30.029594-04:00
424213351439269890,723665884312371210,66.0,2023-06-12 03:43:17.025006-04:00
491771607723802646,826657068865421362,6.6,2023-06-12 03:59:59.683340-04:00
617595835122974730,619804409748127744,6.6,2023-06-12 05:53:17.683607-04:00
491771607723802646,637754336201408532,6.6,2023-06-12 06:13:14.986579-04:00
341416131497820160,890656062187925506,6.6,2023-06-12 08:14:39.931879-04:00
799885323982340146,434349831713062913,6.6,2023-06-12 08:27:40.979458-04:00
490375121320542210,491771607723802646,6.6,2023-06-12 08:51:05.565052-04:00
576962723540369454,568870004536377367,66.0,2023-06-12 08:58:02.345908-04:00
576962723540369454,740093719847501886,66.0,2023-06-12 08:58:02.350512-04:00
490375121320542210,568870004536377367,6.6,2023-06-12 09:01:03.061581-04:00
333377436987293697,568870004536377367,6.6,2023-06-12 09:01:28.459250-04:00
630543219461193738,781451776439091211,6.6,2023-06-12 09:49:55.362876-04:00
952388162150367322,633943413800042516,66.0,2023-06-12 12:14:33.975016-04:00
952388162150367322,505907945272246292,66.0,2023-06-12 12:14:33.979481-04:00
952388162150367322,1049878480424284233,66.0,2023-06-12 12:14:33.984104-04:00
952388162150367322,993515826684637196,75.9,2023-06-21 00:35:51.503413-04:00
952388162150367322,537704694001434624,72.6,2023-06-16 15:02:20.001855-04:00
952388162150367322,70454292816461830,66.0,2023-06-12 12:14:33.998480-04:00
952388162150367322,2297919015144259586,66.0,2023-06-12 12:14:34.003293-04:00
952388162150367322,483109095499628584,66.0,2023-06-12 12:14:34.007833-04:00
952388162150367322,420882722425143298,66.0,2023-06-12 12:14:34.012238-04:00
911413267526742076,404363173181915148,16.5,2023-06-20 17:30:30.977912-04:00
754003072807731301,367987025586028544,6.6,2023-06-12 13:32:50.166136-04:00
134475358631231488,619731672228954167,6.6,2023-06-12 14:07:04.277893-04:00
977953361401905172,633943413800042516,6.6,2023-06-12 14:09:45.363569-04:00
406734834359074816,515762166695985162,6.6,2023-06-12 15:35:05.811062-04:00
406734834359074816,260074752914358272,6.6,2023-06-12 15:35:05.815553-04:00
416383984864329758,977953361401905172,13.2,2023-06-13 15:55:32.282741-04:00
790206782646517760,260074752914358272,6.6,2023-06-12 16:30:55.885666-04:00
978243316372103188,718938302358749395,6.6,2023-06-12 16:36:30.424313-04:00
718938302358749395,977953361401905172,6.6,2023-06-12 16:40:41.627450-04:00
456034249204826124,826343607328833567,13.2,2023-06-13 13:52:33.748412-04:00
456034249204826124,576980014977777676,6.6,2023-06-12 16:58:39.622988-04:00
456034249204826124,618198844701671425,6.6,2023-06-12 16:58:39.627662-04:00
456034249204826124,1082862800306704406,6.6,2023-06-12 16:58:39.632262-04:00
456034249204826124,754003072807731301,6.6,2023-06-12 16:58:39.636766-04:00
456034249204826124,633943413800042516,156.6,2023-06-17 09:12:53.376632-04:00
456034249204826124,623902832164077580,6.6,2023-06-12 16:58:39.645990-04:00
456034249204826124,241000634260652032,13.2,2023-06-16 21:24:26.749781-04:00
428451817635053569,745075877418631339,6.6,2023-06-12 17:48:15.622049-04:00
333377436987293697,977953361401905172,6.6,2023-06-12 17:50:07.811396-04:00
333377436987293697,357665910498000898,6.6,2023-06-12 17:50:07.816527-04:00
357665910498000898,250833225121923084,6.6,2023-06-12 18:28:01.416437-04:00
308751100209528833,826343607328833567,6.6,2023-06-12 18:46:18.878855-04:00
483109095499628584,854422981858426938,6.6,2023-06-12 19:10:30.041527-04:00
257772464233250816,799571842888105984,66.0,2023-06-12 19:32:03.248707-04:00
637754336201408532,619804409748127744,16.5,2023-06-17 21:21:03.095142-04:00
537297943422828561,515741172098924547,131.4,2023-06-12 19:46:16.489970-04:00
535256308987854858,673512089582567435,6.6,2023-06-12 19:48:24.288577-04:00
535256308987854858,898008176987869215,6.6,2023-06-12 19:48:24.292965-04:00
415782683889893376,651793119867830284,6.6,2023-06-12 20:23:16.389296-04:00
443233036260081664,543851751690993675,66.0,2023-06-12 20:23:47.085164-04:00
480561103068200990,456034249204826124,50.7,2023-06-17 04:11:46.491533-04:00
480561103068200990,623902832164077580,6.6,2023-06-12 20:31:23.456506-04:00
952388162150367322,297688967577337856,119.1,2023-06-12 23:52:07.165316-04:00
952388162150367322,543851751690993675,119.1,2023-06-15 23:49:26.315640-04:00
388176255167496200,235047680361889792,6.6,2023-06-12 21:06:21.446500-04:00
952388162150367322,704542928164618302,36.3,2023-06-21 00:35:51.494581-04:00
952388162150367322,875652932287209522,6.6,2023-06-12 21:13:30.131749-04:00
901259118029979648,534099262292623381,6.6,2023-06-12 21:20:58.238336-04:00
377661680043425793,494324632732827661,131.4,2023-06-12 21:26:54.374068-04:00
901259118029979648,757652181733212420,6.6,2023-06-12 21:31:20.380034-04:00
901259118029979648,604887159823925259,6.6,2023-06-12 21:31:20.385311-04:00
901259118029979648,1081514733179515065,6.6,2023-06-12 21:31:20.390341-04:00
901259118029979648,327632995827843072,6.6,2023-06-12 21:31:20.395329-04:00
901259118029979648,586016169182494720,6.6,2023-06-12 21:31:20.400690-04:00
451201495795236869,664539711188107268,131.4,2023-06-12 21:32:35.334992-04:00
451201495795236869,1099135223247147143,335.1,2023-06-23 12:32:42.049301-04:00
357665910498000898,617595835122974730,6.6,2023-06-12 21:41:18.844616-04:00
451201495795236869,515741172098924547,131.4,2023-06-12 22:08:59.074785-04:00
451201495795236869,377661680043425793,131.4,2023-06-12 22:08:59.079748-04:00
576962723540369454,515741172098924547,131.4,2023-06-12 22:10:33.920893-04:00
576962723540369454,377661680043425793,131.4,2023-06-12 22:10:33.925586-04:00
341997113393283093,729836457396797522,6.6,2023-06-12 22:34:48.701501-04:00
456034249204826124,866223309736509471,579.9,2023-06-22 22:19:43.361007-04:00
456034249204826124,943519937056628787,247.5,2023-06-17 09:12:53.387268-04:00
456034249204826124,576962723540369454,112.5,2023-06-12 22:39:19.221637-04:00
456034249204826124,415782683889893376,122.4,2023-06-18 00:18:09.314559-04:00
456034249204826124,665430191710928896,112.5,2023-06-12 22:41:46.954749-04:00
998814179874058240,664300862004527169,6.6,2023-06-12 22:58:00.133973-04:00
456034249204826124,314578645589032960,44.1,2023-06-16 23:17:06.374749-04:00
491771607723802646,784624817046421515,6.6,2023-06-12 23:01:34.309237-04:00
491771607723802646,630543219461193738,6.6,2023-06-12 23:01:34.313753-04:00
491771607723802646,534099262292623381,13.2,2023-06-16 19:49:31.771139-04:00
491771607723802646,420882722425143298,6.6,2023-06-12 23:01:34.322692-04:00
491771607723802646,875652932287209522,13.2,2023-06-15 13:30:57.877277-04:00
491771607723802646,590522801463754764,19.8,2023-06-16 10:15:58.511376-04:00
341416131497820160,791847777918255115,6.6,2023-06-12 23:16:29.393519-04:00
480561103068200990,414980538110050315,6.6,2023-06-12 23:19:08.778251-04:00
737413108775256135,590522801463754764,6.6,2023-06-12 23:20:11.401152-04:00
361252475761852426,854422981858426938,6.6,2023-06-12 23:28:24.988704-04:00
777295376599351307,753544412264398890,6.6,2023-06-12 23:35:10.120058-04:00
952388162150367322,753544412264398890,6.6,2023-06-12 23:52:07.152282-04:00
952388162150367322,657627973754552401,6.6,2023-06-12 23:52:07.160596-04:00
952388162150367322,629219672709005313,6.6,2023-06-12 23:52:07.169694-04:00
952388162150367322,333122573531611136,6.6,2023-06-12 23:52:07.174353-04:00
777295376599351307,630543219461193738,13.2,2023-06-13 00:48:22.597568-04:00
341997113393283093,633943413800042516,6.6,2023-06-13 00:26:24.988191-04:00
456034249204826124,287855343034302465,37.5,2023-06-13 00:46:25.010002-04:00
456034249204826124,952388162150367322,37.5,2023-06-13 00:46:25.017086-04:00
456034249204826124,1086743795250503710,37.5,2023-06-13 00:46:25.024057-04:00
456034249204826124,998814179874058240,112.5,2023-06-13 00:48:12.188317-04:00
456034249204826124,637754336201408532,269.1,2023-06-16 11:10:46.015873-04:00
456034249204826124,1054616756305543178,150.0,2023-06-17 09:12:53.381969-04:00
357665910498000898,902763922313056267,6.6,2023-06-13 00:52:05.804656-04:00
578734791692648458,664539711188107268,6.6,2023-06-13 00:56:38.354645-04:00
578734791692648458,987086954749390961,6.6,2023-06-13 00:56:38.360344-04:00
578734791692648458,697803212832374854,6.6,2023-06-13 00:56:38.366565-04:00
578734791692648458,1072491770149085214,16.5,2023-06-19 02:10:52.525508-04:00
578734791692648458,1049545352363118602,16.5,2023-06-19 02:10:52.498596-04:00
625187840837287937,357665910498000898,166.5,2023-06-22 21:39:21.863459-04:00
625187840837287937,804751562320379924,269.1,2023-06-20 14:02:21.015017-04:00
388176255167496200,357665910498000898,6.6,2023-06-13 01:15:59.663687-04:00
388176255167496200,737413108775256135,6.6,2023-06-13 01:15:59.668819-04:00
341997113393283093,265725663196086284,6.6,2023-06-13 01:22:59.490092-04:00
952388162150367322,838977217987739660,6.6,2023-06-13 01:32:33.889827-04:00
952388162150367322,975434343264686080,6.6,2023-06-13 01:32:33.896914-04:00
952388162150367322,874928369379201034,13.2,2023-06-16 15:02:20.017869-04:00
1,1,4295.0,2023-06-22 14:00:33.407536-04:00
618198844701671425,515316359337345027,6.6,2023-06-13 02:05:17.059106-04:00
978243316372103188,534099262292623381,6.6,2023-06-13 02:46:43.353778-04:00
799885323982340146,576962723540369454,72.6,2023-06-16 04:02:58.310799-04:00
223964665162629121,637754336201408532,6.6,2023-06-13 03:45:16.050644-04:00
625187840837287937,770349494784098354,210.0,2023-06-13 04:25:39.078342-04:00
892563469004574720,892563469004574720,6.6,2023-06-13 05:07:19.681589-04:00
892563469004574720,745075877418631339,6.6,2023-06-13 05:07:19.687035-04:00
892563469004574720,546327918435893248,6.6,2023-06-13 05:07:19.692761-04:00
868241768787869726,892563469004574720,16.5,2023-06-20 11:16:08.798568-04:00
868241768787869726,745075877418631339,6.6,2023-06-13 05:09:50.161721-04:00
868241768787869726,546327918435893248,82.5,2023-06-18 04:26:59.618644-04:00
576962723540369454,875652932287209522,16.5,2023-06-18 12:03:44.014018-04:00
447529942088024075,911413267526742076,16.5,2023-06-22 23:21:41.927713-04:00
966828978772000788,904728071360368640,6.6,2023-06-13 05:49:48.379325-04:00
868241768787869726,992677568119586926,16.5,2023-06-19 03:36:09.475506-04:00
868241768787869726,420882722425143298,214.8,2023-06-22 18:40:17.891317-04:00
522654151012909059,1007081691535392848,6.6,2023-06-13 06:02:54.088746-04:00
491771607723802646,546327918435893248,6.6,2023-06-13 06:27:53.970768-04:00
491771607723802646,993515826684637196,6.6,2023-06-13 06:27:53.975745-04:00
428451817635053569,408807253991227394,6.6,2023-06-13 06:29:38.718238-04:00
625187840837287937,293083660285116417,6.6,2023-06-13 06:55:27.762457-04:00
625187840837287937,817651476092026882,16.5,2023-06-20 05:15:59.881981-04:00
966828978772000788,420882722425143298,13.2,2023-06-17 04:26:01.856862-04:00
480561103068200990,520191900112650240,6.6,2023-06-13 07:06:42.460765-04:00
367170245087199232,326142376542470144,6.6,2023-06-13 07:19:05.079625-04:00
428451817635053569,977953361401905172,6.6,2023-06-13 07:41:38.008181-04:00
576962723540369454,1099135223247147143,184.8,2023-06-22 22:45:47.444228-04:00
576962723540369454,866223309736509471,6.6,2023-06-13 07:53:16.705000-04:00
428451817635053569,904728071360368640,6.6,2023-06-13 08:28:51.892136-04:00
428451817635053569,703568681770287104,6.6,2023-06-13 08:33:23.656864-04:00
483479904873218059,751546017937096704,6.6,2023-06-13 08:38:15.661192-04:00
483479904873218059,548273887683674132,6.6,2023-06-13 08:38:15.668213-04:00
637754336201408532,387047726614839297,6.6,2023-06-13 10:42:45.312332-04:00
576962723540369454,753544412264398890,6.6,2023-06-13 10:44:43.638936-04:00
576962723540369454,1081508952694595627,6.6,2023-06-13 10:44:43.643679-04:00
592195271849410560,277648723696156673,6.6,2023-06-13 11:00:18.573459-04:00
993316712248266863,1049878480424284233,6.6,2023-06-13 12:05:17.035561-04:00
993316712248266863,977953361401905172,6.6,2023-06-13 12:05:17.040645-04:00
445318809004408832,543851751690993675,16.5,2023-06-22 19:34:59.412509-04:00
799885323982340146,1076794184914194463,6.6,2023-06-13 13:01:50.643200-04:00
456034249204826124,740093719847501886,112.5,2023-06-13 13:29:37.484204-04:00
456034249204826124,1073528163503702017,6.6,2023-06-13 13:52:33.725354-04:00
456034249204826124,408807253991227394,6.6,2023-06-13 13:52:33.731464-04:00
456034249204826124,1030143362994544733,6.6,2023-06-13 13:52:33.736650-04:00
456034249204826124,249285273043599360,13.2,2023-06-16 21:24:26.738732-04:00
456034249204826124,868241768787869726,33.0,2023-06-19 19:11:33.571052-04:00
753334993241112635,522654151012909059,6.6,2023-06-13 14:00:09.832493-04:00
491771607723802646,1020198142198681610,6.6,2023-06-13 14:27:29.975205-04:00
952388162150367322,854422981858426938,6.6,2023-06-13 15:06:32.639036-04:00
447529942088024075,327632995827843072,6.6,2023-06-13 15:14:23.665208-04:00
422207359662817300,904762191570427925,6.6,2023-06-13 15:44:43.546611-04:00
428451817635053569,537704694001434624,6.6,2023-06-13 15:58:35.035244-04:00
308751100209528833,1082862800306704406,6.6,2023-06-13 16:32:42.552107-04:00
416383984864329758,275767588204707841,6.6,2023-06-13 16:41:19.121411-04:00
248780267815174165,377661680043425793,6.6,2023-06-13 17:38:52.946854-04:00
623902832164077580,259737210171949058,6.6,2023-06-13 17:42:19.382037-04:00
623902832164077580,745075877418631339,6.6,2023-06-13 17:42:19.387019-04:00
637754336201408532,906310897235009568,6.6,2023-06-13 18:12:47.727486-04:00
445318809004408832,369968450678030347,6.6,2023-06-13 18:16:28.298582-04:00
416383984864329758,490375121320542210,6.6,2023-06-13 18:18:18.719091-04:00
341997113393283093,428451817635053569,6.6,2023-06-13 18:32:58.350044-04:00
494316157864640519,604887159823925259,6.6,2023-06-13 18:33:32.250654-04:00
1099135223247147143,673512089582567435,6.6,2023-06-13 19:05:34.431684-04:00
664300862004527169,357665910498000898,66.0,2023-06-13 20:09:06.813404-04:00
664300862004527169,798013460336082957,6.6,2023-06-13 20:37:48.100973-04:00
664300862004527169,737413108775256135,6.6,2023-06-13 20:37:48.105531-04:00
944660312899088405,617923092412628993,6.6,2023-06-13 20:51:15.305769-04:00
944660312899088405,693219811194306581,6.6,2023-06-13 20:51:15.312320-04:00
944660312899088405,1099135223247147143,6.6,2023-06-13 20:51:15.319933-04:00
998814179874058240,259737210171949058,132.0,2023-06-13 21:22:07.694042-04:00
998814179874058240,249285273043599360,132.0,2023-06-13 21:22:07.699994-04:00
892702057465798667,1083870894465749203,6.6,2023-06-13 21:32:11.629954-04:00
134475358631231488,1070810378847662080,6.6,2023-06-13 22:01:27.694206-04:00
625187840837287937,283248919088201728,6.6,2023-06-13 22:05:05.009713-04:00
341997113393283093,838977217987739660,13.2,2023-06-13 22:48:46.703043-04:00
456034249204826124,745075877418631339,37.5,2023-06-13 23:12:38.361347-04:00
456034249204826124,418913384734523430,37.5,2023-06-13 23:12:38.366218-04:00
456034249204826124,858674961044340759,156.6,2023-06-16 23:17:06.415244-04:00
456034249204826124,223964665162629121,37.5,2023-06-13 23:12:38.375895-04:00
456034249204826124,769491336138719253,112.5,2023-06-13 23:13:15.248351-04:00
456034249204826124,730931090604163162,112.5,2023-06-13 23:13:15.253714-04:00
216922599379173378,341416131497820160,6.6,2023-06-13 23:23:01.071648-04:00
623902832164077580,854422981858426938,6.6,2023-06-13 23:55:23.692735-04:00
814194997686566942,754003072807731301,6.6,2023-06-14 00:15:45.702487-04:00
868241768787869726,1005988525218471966,6.6,2023-06-14 00:23:48.713960-04:00
868241768787869726,943873702183985162,6.6,2023-06-14 00:23:48.719924-04:00
868241768787869726,242437101893844992,6.6,2023-06-14 00:23:48.726267-04:00
952388162150367322,855511216767893504,6.6,2023-06-14 00:43:03.686609-04:00
952388162150367322,326142376542470144,6.6,2023-06-14 00:43:03.693254-04:00
966828978772000788,515316359337345027,13.2,2023-06-17 05:36:28.215794-04:00
799885323982340146,817651476092026882,6.6,2023-06-14 01:33:00.989542-04:00
734925361917198436,418913384734523430,6.6,2023-06-14 01:57:40.300991-04:00
952388162150367322,230877485087195136,23.1,2023-06-20 02:29:23.309579-04:00
977953361401905172,515316359337345027,6.6,2023-06-14 02:26:45.302883-04:00
868241768787869726,577168342293544983,82.5,2023-06-21 00:26:27.631957-04:00
868241768787869726,977953361401905172,13.2,2023-06-17 13:54:03.009913-04:00
657627973754552401,716529862524796929,6.6,2023-06-14 03:09:13.527701-04:00
657627973754552401,697803212832374854,6.6,2023-06-14 03:09:13.533157-04:00
640670140920365087,814194997686566942,6.6,2023-06-14 03:11:00.879972-04:00
640670140920365087,826343607328833567,6.6,2023-06-14 03:11:00.885042-04:00
868241768787869726,590522801463754764,33.0,2023-06-19 04:52:27.322033-04:00
428451817635053569,1012994810719772702,6.6,2023-06-14 04:15:01.358766-04:00
637754336201408532,490776933412503553,37.5,2023-06-14 04:30:18.046133-04:00
637754336201408532,898375971437166592,66.0,2023-06-14 04:31:10.617737-04:00
578734791692648458,892563469004574720,6.6,2023-06-14 04:33:15.670653-04:00
726553506605170699,898375971437166592,6.6,2023-06-14 04:37:57.814838-04:00
726553506605170699,235227045699780608,6.6,2023-06-14 04:37:57.819912-04:00
494316157864640519,753544412264398890,6.6,2023-06-14 05:12:51.266619-04:00
637754336201408532,617595835122974730,6.6,2023-06-14 05:33:59.052264-04:00
333377436987293697,577168342293544983,72.6,2023-06-14 10:42:48.714252-04:00
799885323982340146,467171926348005396,6.6,2023-06-14 09:33:54.074501-04:00
799885323982340146,637754336201408532,6.6,2023-06-14 09:33:54.080209-04:00
1099135223247147143,943519937056628787,6.6,2023-06-14 09:58:16.265577-04:00
966828978772000788,436277438620893184,6.6,2023-06-14 10:31:35.039933-04:00
491771607723802646,1110549587380408350,6.6,2023-06-14 10:31:52.975730-04:00
491771607723802646,243623018864050176,6.6,2023-06-14 10:31:52.983959-04:00
576962723540369454,703568681770287104,6.6,2023-06-14 11:04:07.936407-04:00
341416131497820160,604887159823925259,6.6,2023-06-14 11:06:28.533914-04:00
335816176804560899,830934706916818988,6.6,2023-06-14 11:09:45.144537-04:00
619804409748127744,784624817046421515,6.6,2023-06-14 12:00:36.931939-04:00
637754336201408532,235047680361889792,6.6,2023-06-14 12:10:15.186472-04:00
868241768787869726,491771607723802646,75.9,2023-06-18 21:22:15.352567-04:00
868241768787869726,740093719847501886,108.9,2023-06-20 10:57:25.824056-04:00
404363173181915148,830934706916818988,6.6,2023-06-14 12:55:35.914771-04:00
754003072807731301,659360151807066112,66.0,2023-06-14 13:20:21.245990-04:00
777295376599351307,954948208314957864,6.6,2023-06-14 13:48:56.036553-04:00
283248919088201728,503300306399002626,16.5,2023-06-18 08:37:20.639653-04:00
283248919088201728,367196473324208128,6.6,2023-06-14 13:53:20.884007-04:00
283248919088201728,604887159823925259,6.6,2023-06-14 13:53:20.889059-04:00
341997113393283093,522654151012909059,66.0,2023-06-14 15:40:10.406588-04:00
341997113393283093,537297943422828561,66.0,2023-06-14 15:40:10.413862-04:00
868241768787869726,507680914504024065,112.5,2023-06-14 16:30:53.299812-04:00
868241768787869726,341997113393283093,72.6,2023-06-15 16:17:46.170721-04:00
416383984864329758,868241768787869726,46.2,2023-06-19 04:52:27.342561-04:00
295796977139187712,483479904873218059,66.0,2023-06-14 17:52:17.262600-04:00
295796977139187712,693219811194306581,66.0,2023-06-14 17:52:17.269840-04:00
625187840837287937,637369384570191877,6.6,2023-06-14 17:54:09.775804-04:00
726553506605170699,726207497261547676,6.6,2023-06-14 17:54:45.733024-04:00
491771607723802646,508278861717569562,6.6,2023-06-14 19:01:46.612786-04:00
491771607723802646,874928369379201034,6.6,2023-06-14 19:01:46.617685-04:00
868241768787869726,854422981858426938,6.6,2023-06-14 19:11:27.453105-04:00
868241768787869726,146801802963058699,6.6,2023-06-14 19:11:27.458297-04:00
868241768787869726,753544412264398890,16.5,2023-06-18 07:00:42.782662-04:00
428451817635053569,1110549587380408350,6.6,2023-06-14 19:16:54.221012-04:00
726553506605170699,490375121320542210,6.6,2023-06-14 19:22:10.535654-04:00
625187840837287937,243623018864050176,6.6,2023-06-14 19:24:26.391689-04:00
695363754938073218,854422981858426938,13.2,2023-06-16 20:52:50.381105-04:00
510928615374979072,418913384734523430,6.6,2023-06-14 19:52:41.517534-04:00
510928615374979072,406734834359074816,6.6,2023-06-14 19:52:41.522533-04:00
944660312899088405,1055073077123371090,6.6,2023-06-14 20:18:27.632484-04:00
903060895264043039,623902832164077580,6.6,2023-06-14 20:48:24.573981-04:00
903060895264043039,806812779033788426,6.6,2023-06-14 20:48:24.579307-04:00
882786812379168799,499543625206857739,6.6,2023-06-14 22:16:35.475187-04:00
882786812379168799,447093330581389323,6.6,2023-06-14 22:16:35.481939-04:00
388176255167496200,356878926154301441,6.6,2023-06-14 22:17:00.280285-04:00
388176255167496200,406734834359074816,6.6,2023-06-14 22:17:00.287631-04:00
416383984864329758,677677131341365268,6.6,2023-06-14 22:30:32.269281-04:00
952388162150367322,577168342293544983,13.2,2023-06-14 22:50:48.861898-04:00
753334993241112635,1078907577687089222,6.6,2023-06-14 22:57:52.390654-04:00
664300862004527169,576980014977777676,6.6,2023-06-14 23:33:54.009704-04:00
578734791692648458,534099262292623381,6.6,2023-06-14 23:49:45.424408-04:00
664300862004527169,333305286213500928,6.6,2023-06-15 00:47:54.152523-04:00
341416131497820160,718938302358749395,6.6,2023-06-15 01:25:13.746761-04:00
966828978772000788,875652932287209522,6.6,2023-06-15 01:42:53.724088-04:00
625187840837287937,728405992320008332,6.6,2023-06-15 01:45:09.454071-04:00
1099135223247147143,704542928164618302,6.6,2023-06-15 01:46:45.590221-04:00
737413108775256135,249285273043599360,6.6,2023-06-15 02:24:48.599725-04:00
737413108775256135,728405992320008332,6.6,2023-06-15 02:24:48.605737-04:00
737413108775256135,326142376542470144,6.6,2023-06-15 02:24:48.612191-04:00
1097582027475275846,637754336201408532,6.6,2023-06-15 02:45:11.258403-04:00
415782683889893376,866223309736509471,6.6,2023-06-15 03:00:57.032266-04:00
494316157864640519,310309791455248384,6.6,2023-06-15 03:13:30.857734-04:00
361252475761852426,416383984864329758,6.6,2023-06-15 03:36:29.502861-04:00
416383984864329758,249285273043599360,6.6,2023-06-15 03:37:58.041973-04:00
428451817635053569,753544412264398890,6.6,2023-06-15 03:44:29.243431-04:00
357665910498000898,629219672709005313,6.6,2023-06-15 03:50:33.102536-04:00
625187840837287937,1032295100501467276,6.6,2023-06-15 04:24:25.035153-04:00
576962723540369454,618198844701671425,6.6,2023-06-15 04:25:07.975843-04:00
377661680043425793,148864432817045504,66.0,2023-06-15 04:27:34.425803-04:00
625187840837287937,418913384734523430,13.2,2023-06-17 14:42:14.007209-04:00
625187840837287937,341997113393283093,6.6,2023-06-15 04:59:14.499393-04:00
576962723540369454,434349831713062913,6.6,2023-06-15 05:46:56.450347-04:00
491771607723802646,1013049216400105613,6.6,2023-06-15 07:39:45.696300-04:00
830934706916818988,576962723540369454,6.6,2023-06-15 09:18:09.464132-04:00
576962723540369454,361587018041655308,6.6,2023-06-15 09:28:27.892322-04:00
640390620367814669,572074388329857072,6.6,2023-06-15 09:41:54.330736-04:00
640390620367814669,623902832164077580,6.6,2023-06-15 09:41:54.338200-04:00
640390620367814669,659360151807066112,6.6,2023-06-15 09:41:54.345381-04:00
576962723540369454,388176255167496200,6.6,2023-06-15 09:59:27.670935-04:00
1007081691535392848,943519937056628787,6.6,2023-06-15 10:03:19.222942-04:00
611740793870352384,224000701485809665,6.6,2023-06-15 10:32:49.925644-04:00
592195271849410560,830934706916818988,6.6,2023-06-15 11:36:41.852053-04:00
491771607723802646,644567609156829201,42.9,2023-06-19 23:57:30.971159-04:00
777295376599351307,1083870894465749203,6.6,2023-06-15 12:18:30.899011-04:00
592195271849410560,467171926348005396,6.6,2023-06-15 12:41:38.876536-04:00
777295376599351307,954332558634663956,6.6,2023-06-15 12:42:12.591108-04:00
308751100209528833,554087686860963841,165.0,2023-06-18 13:30:03.061831-04:00
335816176804560899,235047680361889792,6.6,2023-06-15 13:19:13.740441-04:00
491771607723802646,777295376599351307,6.6,2023-06-15 13:30:57.871312-04:00
257772464233250816,577168342293544983,6.6,2023-06-15 13:38:45.088316-04:00
257772464233250816,677677131341365268,6.6,2023-06-15 13:38:45.095206-04:00
295796977139187712,509149124466311169,66.0,2023-06-15 14:15:53.200314-04:00
295796977139187712,978981702019985409,66.0,2023-06-15 14:15:53.205647-04:00
341997113393283093,173587229921247232,6.6,2023-06-15 15:29:34.982872-04:00
868241768787869726,537704694001434624,6.6,2023-06-15 16:17:46.165029-04:00
868241768787869726,651167398015270942,6.6,2023-06-15 16:17:46.175958-04:00
777295376599351307,747544722322751569,6.6,2023-06-15 18:02:33.412525-04:00
369661960590983170,1099135223247147143,66.0,2023-06-15 19:53:49.511701-04:00
369661960590983170,898008176987869215,66.0,2023-06-15 19:53:49.517169-04:00
357665910498000898,623902832164077580,6.6,2023-06-15 20:26:56.270062-04:00
341997113393283093,314578645589032960,6.6,2023-06-15 22:16:07.123526-04:00
868241768787869726,356878926154301441,13.2,2023-06-17 15:03:50.998440-04:00
868241768787869726,592195271849410560,6.6,2023-06-15 23:08:38.643471-04:00
753334993241112635,519274016847167495,6.6,2023-06-15 23:11:51.201850-04:00
911413267526742076,424667175211761665,6.6,2023-06-16 00:05:59.353274-04:00
283248919088201728,717484146003542117,6.6,2023-06-16 00:19:44.341863-04:00
388176255167496200,769491336138719253,6.6,2023-06-16 00:24:58.500551-04:00
388176255167496200,826657068865421362,6.6,2023-06-16 00:24:58.506368-04:00
308751100209528833,659360151807066112,6.6,2023-06-16 00:46:38.425812-04:00
308751100209528833,446516271383707648,6.6,2023-06-16 00:46:38.432576-04:00
617595835122974730,1020198142198681610,6.6,2023-06-16 00:46:45.298674-04:00
577269275786608641,871188586488283207,6.6,2023-06-16 00:51:23.657493-04:00
535256308987854858,1083870894465749203,6.6,2023-06-16 01:12:46.236007-04:00
535256308987854858,1030076821611479081,6.6,2023-06-16 01:12:46.241793-04:00
952388162150367322,1078907577687089222,23.1,2023-06-18 20:24:24.379943-04:00
695363754938073218,697803212832374854,6.6,2023-06-16 01:14:11.582514-04:00
799885323982340146,826343607328833567,6.6,2023-06-16 01:28:19.698105-04:00
799885323982340146,1030076821611479081,6.6,2023-06-16 01:28:19.704010-04:00
799885323982340146,898008176987869215,6.6,2023-06-16 01:28:19.709968-04:00
416383984864329758,751546017937096704,6.6,2023-06-16 01:45:55.005547-04:00
416383984864329758,617595835122974730,16.5,2023-06-23 02:50:24.992681-04:00
508082736138027010,1082862800306704406,6.6,2023-06-16 01:52:19.149101-04:00
1110549587380408350,826343607328833567,6.6,2023-06-16 02:30:56.525018-04:00
416383984864329758,697803212832374854,6.6,2023-06-16 02:49:01.588230-04:00
419785411968237570,898008176987869215,16.5,2023-06-23 00:41:05.288074-04:00
419785411968237570,915385474313490502,6.6,2023-06-16 03:00:57.770097-04:00
341997113393283093,723665884312371210,6.6,2023-06-16 03:46:02.980325-04:00
341997113393283093,637754336201408532,6.6,2023-06-16 03:46:02.985827-04:00
430842498492006420,249285273043599360,6.6,2023-06-16 03:52:42.471661-04:00
430842498492006420,728405992320008332,6.6,2023-06-16 03:52:42.477597-04:00
357665910498000898,366094948283449346,131.4,2023-06-16 05:04:36.338374-04:00
892702057465798667,1012994810719772702,6.6,2023-06-16 05:38:29.530519-04:00
430842498492006420,943519937056628787,6.6,2023-06-16 06:12:43.646888-04:00
430842498492006420,204036163848110080,6.6,2023-06-16 06:12:43.652324-04:00
576962723540369454,637754336201408532,6.6,2023-06-16 06:36:56.251810-04:00
576962723540369454,903060895264043039,6.6,2023-06-16 06:36:56.257444-04:00
799885323982340146,418913384734523430,6.6,2023-06-16 06:37:27.135150-04:00
799885323982340146,659360151807066112,6.6,2023-06-16 08:02:09.549636-04:00
799885323982340146,499543625206857739,6.6,2023-06-16 08:02:09.555031-04:00
341416131497820160,717484146003542117,6.6,2023-06-16 09:36:34.201363-04:00
416383984864329758,633943413800042516,6.6,2023-06-16 09:57:49.292470-04:00
769491336138719253,838197163401674823,6.6,2023-06-16 10:32:46.182564-04:00
966828978772000788,333305286213500928,6.6,2023-06-16 10:46:11.899719-04:00
868241768787869726,951594791571968060,26.4,2023-06-22 18:40:17.872286-04:00
868241768787869726,591038730366615571,23.1,2023-06-19 03:36:09.495226-04:00
637754336201408532,659209125590335498,6.6,2023-06-16 13:05:05.027711-04:00
576962723540369454,232154564361453569,6.6,2023-06-16 13:05:38.740036-04:00
576962723540369454,629219672709005313,6.6,2023-06-16 13:05:38.745717-04:00
419785411968237570,537704694001434624,6.6,2023-06-16 14:46:36.959661-04:00
419785411968237570,855511216767893504,6.6,2023-06-16 14:46:36.965428-04:00
952388162150367322,637369384570191877,6.6,2023-06-16 15:02:20.006947-04:00
952388162150367322,745075877418631339,6.6,2023-06-16 15:02:20.012270-04:00
664300862004527169,880642858284109874,6.6,2023-06-16 15:16:03.851813-04:00
664300862004527169,1078907577687089222,6.6,2023-06-16 16:02:37.669663-04:00
323962047278874627,915385474313490502,6.6,2023-06-16 16:52:44.389364-04:00
354813246294982656,880642858284109874,6.6,2023-06-16 17:42:13.346680-04:00
764986031103148075,637369384570191877,6.6,2023-06-16 18:45:12.416503-04:00
404363173181915148,548273887683674132,6.6,2023-06-16 19:53:16.997370-04:00
868241768787869726,259219692038782976,6.6,2023-06-16 20:02:46.162711-04:00
416383984864329758,618198844701671425,6.6,2023-06-16 20:08:22.257937-04:00
416383984864329758,388176255167496200,6.6,2023-06-16 20:26:22.960492-04:00
447529942088024075,223964665162629121,6.6,2023-06-16 20:29:12.227205-04:00
952388162150367322,406734834359074816,6.6,2023-06-16 20:37:24.342514-04:00
952388162150367322,604887159823925259,6.6,2023-06-16 20:37:24.350877-04:00
388176255167496200,259219692038782976,6.6,2023-06-16 20:46:25.005587-04:00
880642858284109874,836985780093714472,6.6,2023-06-16 20:52:11.268152-04:00
944660312899088405,915385474313490502,6.6,2023-06-16 21:08:30.236014-04:00
456034249204826124,265306758040256522,6.6,2023-06-16 21:24:26.727082-04:00
456034249204826124,212340127131893761,6.6,2023-06-16 21:24:26.732955-04:00
456034249204826124,673512089582567435,13.2,2023-06-16 23:17:06.409779-04:00
310309791455248384,659360151807066112,6.6,2023-06-16 21:36:13.864532-04:00
310309791455248384,418913384734523430,6.6,2023-06-16 21:36:13.871431-04:00
310309791455248384,873439732028301384,6.6,2023-06-16 21:36:13.878389-04:00
341997113393283093,424640841710305280,6.6,2023-06-16 21:50:55.953847-04:00
576962723540369454,1083870894465749203,6.6,2023-06-16 22:32:56.405799-04:00
952388162150367322,419785411968237570,6.6,2023-06-16 22:36:53.149110-04:00
777295376599351307,612067911217184818,6.6,2023-06-16 22:52:44.419430-04:00
456034249204826124,644567609156829201,6.6,2023-06-16 23:17:06.360084-04:00
456034249204826124,1111619921676353566,6.6,2023-06-16 23:17:06.366763-04:00
456034249204826124,915385474313490502,6.6,2023-06-16 23:17:06.380951-04:00
456034249204826124,1028112430854832278,6.6,2023-06-16 23:17:06.388133-04:00
456034249204826124,791847777918255115,6.6,2023-06-16 23:17:06.395252-04:00
456034249204826124,777295376599351307,6.6,2023-06-16 23:17:06.402442-04:00
456034249204826124,536769356558893056,44.1,2023-06-17 09:12:53.371561-04:00
705995062848389141,387047726614839297,6.6,2023-06-16 23:24:16.246089-04:00
341997113393283093,677677131341365268,6.6,2023-06-16 23:56:56.143416-04:00
614668983118987284,911413267526742076,6.6,2023-06-17 00:02:57.848902-04:00
283248919088201728,966828978772000788,6.6,2023-06-17 00:06:05.977111-04:00
283248919088201728,223964665162629121,6.6,2023-06-17 00:06:05.982937-04:00
456034249204826124,951594791571968060,156.6,2023-06-19 03:43:12.024332-04:00
456034249204826124,341997113393283093,6.6,2023-06-17 00:42:36.117885-04:00
456034249204826124,880642858284109874,6.6,2023-06-17 00:42:36.123649-04:00
753334993241112635,906310897235009568,6.6,2023-06-17 00:51:45.597970-04:00
357665910498000898,235047680361889792,6.6,2023-06-17 01:06:10.475996-04:00
451201495795236869,630543219461193738,203.7,2023-06-23 12:32:42.033555-04:00
451201495795236869,838977217987739660,6.6,2023-06-17 01:31:42.257404-04:00
456034249204826124,906310897235009568,6.6,2023-06-17 01:36:11.888785-04:00
456034249204826124,822886896220241920,6.6,2023-06-17 01:36:11.894573-04:00
1097582027475275846,784624817046421515,6.6,2023-06-17 01:51:45.015880-04:00
223964665162629121,447093330581389323,6.6,2023-06-17 02:22:33.009988-04:00
281678876705554432,354418432625868811,6.6,2023-06-17 02:32:05.752612-04:00
868241768787869726,333305286213500928,6.6,2023-06-17 02:42:19.810193-04:00
868241768787869726,994462977220685884,6.6,2023-06-17 02:42:19.819274-04:00
381634768388882433,460910849649803275,131.4,2023-06-17 02:43:38.818518-04:00
428451817635053569,751546017937096704,6.6,2023-06-17 02:52:25.530167-04:00
428451817635053569,654702924437520394,138.0,2023-06-17 17:56:14.269625-04:00
341416131497820160,591038730366615571,6.6,2023-06-17 02:57:11.672257-04:00
611740793870352384,651167398015270942,6.6,2023-06-17 05:12:02.650287-04:00
333377436987293697,673512089582567435,6.6,2023-06-17 06:11:12.803391-04:00
341416131497820160,1049878480424284233,6.6,2023-06-17 06:43:07.262538-04:00
341416131497820160,1107580574790602792,6.6,2023-06-17 06:43:07.271268-04:00
430842498492006420,697803212832374854,16.5,2023-06-20 06:21:27.479653-04:00
430842498492006420,838977217987739660,6.6,2023-06-17 07:46:57.036500-04:00
456034249204826124,892563469004574720,37.5,2023-06-17 09:12:53.392516-04:00
456034249204826124,546327918435893248,112.5,2023-06-17 09:13:23.670037-04:00
977953361401905172,387047726614839297,6.6,2023-06-17 09:28:54.983665-04:00
1087858719867547748,871188586488283207,6.6,2023-06-17 10:14:36.730415-04:00
1087858719867547748,509006498798501889,365.0,2023-06-17 11:08:15.010420-04:00
777295376599351307,877559332475134032,6.6,2023-06-17 11:18:45.013329-04:00
576962723540369454,993515826684637196,6.6,2023-06-17 11:19:03.190134-04:00
333377436987293697,619731672228954167,13.2,2023-06-17 11:44:18.306492-04:00
223964665162629121,505907945272246292,6.6,2023-06-17 12:59:13.056840-04:00
799885323982340146,970898930109923420,6.6,2023-06-17 13:27:39.476786-04:00
404363173181915148,1013049216400105613,131.4,2023-06-17 14:46:44.376051-04:00
966828978772000788,830934706916818988,9.9,2023-06-17 15:21:27.651085-04:00
416383984864329758,654702924437520394,99.0,2023-06-17 16:30:09.289632-04:00
428451817635053569,232154564361453569,525.6,2023-06-23 15:54:44.274798-04:00
623902832164077580,418913384734523430,9.9,2023-06-17 18:19:43.863994-04:00
134475358631231488,434349831713062913,9.9,2023-06-17 18:38:23.072594-04:00
623902832164077580,951594791571968060,9.9,2023-06-17 18:38:31.007502-04:00
654702924437520394,637754336201408532,9.9,2023-06-17 19:16:19.926972-04:00
868241768787869726,257334971889483796,9.9,2023-06-17 19:43:21.138207-04:00
388176255167496200,762064767329632257,9.9,2023-06-17 19:47:02.296227-04:00
308751100209528833,753544412264398890,9.9,2023-06-17 20:05:27.613920-04:00
777295376599351307,259737210171949058,9.9,2023-06-17 20:16:33.152107-04:00
134475358631231488,1083870894465749203,9.9,2023-06-17 20:28:25.227327-04:00
944660312899088405,490375121320542210,9.9,2023-06-17 21:07:13.057246-04:00
777295376599351307,791847777918255115,9.9,2023-06-17 21:28:37.106478-04:00
868241768787869726,1119807582824054905,9.9,2023-06-17 21:56:33.947981-04:00
868241768787869726,665430191710928896,108.9,2023-06-18 23:42:41.047790-04:00
630543219461193738,977895923743084584,9.9,2023-06-17 22:40:50.541895-04:00
451201495795236869,494324632732827661,99.0,2023-06-17 22:49:48.329390-04:00
535256308987854858,855511216767893504,9.9,2023-06-17 23:11:07.068921-04:00
535256308987854858,826343607328833567,9.9,2023-06-17 23:11:56.643603-04:00
451201495795236869,826343607328833567,131.4,2023-06-17 23:20:59.458163-04:00
451201495795236869,460910849649803275,131.4,2023-06-17 23:20:59.464879-04:00
868241768787869726,898375971437166592,128.7,2023-06-19 19:20:34.996796-04:00
652734883545743410,235047680361889792,9.9,2023-06-18 00:17:28.108197-04:00
625187840837287937,272707058057478145,9.9,2023-06-18 00:20:20.170217-04:00
625187840837287937,223964665162629121,9.9,2023-06-18 00:20:20.176583-04:00
625187840837287937,898375971437166592,9.9,2023-06-18 00:20:20.182901-04:00
625187840837287937,915385474313490502,9.9,2023-06-18 00:20:20.189226-04:00
625187840837287937,1069947861036441611,19.8,2023-06-20 02:05:30.340278-04:00
625187840837287937,388176255167496200,9.9,2023-06-18 00:20:20.201910-04:00
625187840837287937,636447904357416961,9.9,2023-06-18 00:20:20.208047-04:00
691580266270949377,665430191710928896,9.9,2023-06-18 00:25:22.742984-04:00
341997113393283093,652734883545743410,9.9,2023-06-18 00:26:53.222824-04:00
416383984864329758,341997113393283093,9.9,2023-06-18 00:44:06.240222-04:00
769491336138719253,777378053923274823,9.9,2023-06-18 01:00:41.198926-04:00
769491336138719253,505907945272246292,9.9,2023-06-18 01:00:41.206055-04:00
357665910498000898,697803212832374854,9.9,2023-06-18 01:23:42.513457-04:00
357665910498000898,491771607723802646,9.9,2023-06-18 01:23:42.521879-04:00
630543219461193738,1055073077123371090,9.9,2023-06-18 01:42:36.762272-04:00
420882722425143298,665430191710928896,9.9,2023-06-18 02:11:37.082964-04:00
617595835122974730,235047680361889792,9.9,2023-06-18 02:15:34.939347-04:00
630543219461193738,387047726614839297,9.9,2023-06-18 02:21:39.677813-04:00
416383984864329758,483479904873218059,9.9,2023-06-18 02:35:22.174371-04:00
416383984864329758,235047680361889792,9.9,2023-06-18 02:47:49.173152-04:00
283248919088201728,1011665060243976234,9.9,2023-06-18 03:05:48.469595-04:00
705995062848389141,447093330581389323,9.9,2023-06-18 03:12:20.341269-04:00
341997113393283093,249285273043599360,9.9,2023-06-18 03:48:01.419104-04:00
430842498492006420,1083870894465749203,141.3,2023-06-19 04:29:55.494094-04:00
430842498492006420,310309791455248384,131.4,2023-06-18 03:55:25.915839-04:00
430842498492006420,685431271303806992,141.3,2023-06-19 04:29:55.499755-04:00
430842498492006420,456034249204826124,141.3,2023-06-22 17:04:40.224494-04:00
868241768787869726,877559332475134032,9.9,2023-06-18 04:26:59.624406-04:00
966828978772000788,657288381423812640,9.9,2023-06-18 04:36:52.054482-04:00
341997113393283093,657288381423812640,19.8,2023-06-19 05:34:43.579538-04:00
625187840837287937,1073528163503702017,9.9,2023-06-18 05:02:01.443541-04:00
430842498492006420,590522801463754764,9.9,2023-06-18 05:16:16.037913-04:00
430842498492006420,880642858284109874,9.9,2023-06-18 05:16:16.044473-04:00
966828978772000788,591038730366615571,9.9,2023-06-18 05:54:39.796417-04:00
868241768787869726,823631933589159976,9.9,2023-06-18 06:12:58.031007-04:00
357665910498000898,751546017937096704,9.9,2023-06-18 06:57:38.673703-04:00
868241768787869726,880642858284109874,9.9,2023-06-18 07:00:42.789000-04:00
868241768787869726,309189927365509130,9.9,2023-06-18 07:00:42.796104-04:00
868241768787869726,1055073077123371090,19.8,2023-06-19 20:20:10.154265-04:00
868241768787869726,637754336201408532,9.9,2023-06-18 07:00:42.813177-04:00
868241768787869726,1028112430854832278,9.9,2023-06-18 07:00:42.822377-04:00
868241768787869726,865069682674368523,9.9,2023-06-18 07:00:42.831369-04:00
868241768787869726,629219672709005313,9.9,2023-06-18 07:00:42.848005-04:00
868241768787869726,633943413800042516,9.9,2023-06-18 07:00:42.856483-04:00
416383984864329758,590522801463754764,39.6,2023-06-23 06:47:23.484644-04:00
388176255167496200,576980014977777676,9.9,2023-06-18 07:23:18.462871-04:00
416383984864329758,951594791571968060,9.9,2023-06-18 07:26:51.935356-04:00
333377436987293697,665430191710928896,9.9,2023-06-18 07:41:38.941066-04:00
799885323982340146,341997113393283093,99.0,2023-06-18 09:17:12.187565-04:00
799885323982340146,977953361401905172,99.0,2023-06-18 09:17:12.194255-04:00
295796977139187712,654702924437520394,150.0,2023-06-18 11:26:28.037964-04:00
411262540883165185,830934706916818988,9.9,2023-06-18 11:48:14.992595-04:00
576962723540369454,522654151012909059,131.4,2023-06-18 11:56:41.954031-04:00
576962723540369454,356878926154301441,99.0,2023-06-18 11:57:05.051553-04:00
577269275786608641,719785004309151774,9.9,2023-06-18 11:59:39.528253-04:00
944660312899088405,509920149432827904,9.9,2023-06-18 13:00:53.272722-04:00
430842498492006420,275767588204707841,9.9,2023-06-18 13:09:23.293101-04:00
430842498492006420,357665910498000898,9.9,2023-06-18 13:09:23.299556-04:00
430842498492006420,1086743795250503710,545.4,2023-06-22 17:04:40.236882-04:00
450402046374313994,762064767329632257,9.9,2023-06-18 14:25:52.141106-04:00
430842498492006420,367987025586028544,9.9,2023-06-18 14:30:27.804218-04:00
430842498492006420,480561103068200990,9.9,2023-06-18 14:30:27.811850-04:00
491771607723802646,804751562320379924,19.8,2023-06-19 19:35:42.210006-04:00
491771607723802646,657627973754552401,9.9,2023-06-18 14:45:07.604125-04:00
625187840837287937,424213351439269890,9.9,2023-06-18 15:45:09.204000-04:00
625187840837287937,356878926154301441,9.9,2023-06-18 15:45:09.209956-04:00
430842498492006420,491771607723802646,131.4,2023-06-18 16:03:29.880634-04:00
357665910498000898,1016463937367195699,9.9,2023-06-18 16:05:00.339887-04:00
799885323982340146,275767588204707841,9.9,2023-06-18 16:45:27.011221-04:00
799885323982340146,522654151012909059,99.0,2023-06-18 17:01:25.622715-04:00
354813246294982656,537704694001434624,9.9,2023-06-18 17:38:51.428075-04:00
1,2,3364.1,2023-06-22 14:00:33.414832-04:00
623902832164077580,483109095499628584,99.0,2023-06-18 20:09:25.022048-04:00
272210988957302784,327632995827843072,9.9,2023-06-18 20:24:39.005494-04:00
868241768787869726,784624817046421515,9.9,2023-06-18 21:06:33.706193-04:00
868241768787869726,406734834359074816,9.9,2023-06-18 21:06:33.712778-04:00
868241768787869726,515316359337345027,9.9,2023-06-18 21:08:30.078535-04:00
868241768787869726,617595835122974730,9.9,2023-06-18 21:08:30.085364-04:00
868241768787869726,1012994810719772702,29.700000000000003,2023-06-23 03:14:43.105824-04:00
341997113393283093,490375121320542210,9.9,2023-06-18 22:19:54.299210-04:00
619804409748127744,739399070879318096,9.9,2023-06-18 22:31:06.870644-04:00
447529942088024075,1028112430854832278,9.9,2023-06-18 22:45:25.962845-04:00
868241768787869726,999254824916885624,9.9,2023-06-18 23:42:41.032340-04:00
868241768787869726,904524239472852993,9.9,2023-06-18 23:42:41.054788-04:00
868241768787869726,868241768787869726,9.9,2023-06-18 23:42:41.062959-04:00
491771607723802646,1055073077123371090,9.9,2023-06-19 00:01:17.952802-04:00
428451817635053569,520191900112650240,9.9,2023-06-19 00:17:39.819367-04:00
944660312899088405,999254824916885624,9.9,2023-06-19 00:38:48.605972-04:00
576962723540369454,1016463937367195699,99.0,2023-06-19 01:08:04.971475-04:00
341997113393283093,546327918435893248,9.9,2023-06-19 01:54:23.311558-04:00
578734791692648458,424667175211761665,9.9,2023-06-19 02:10:52.506709-04:00
578734791692648458,877559332475134032,9.9,2023-06-19 02:10:52.516703-04:00
868241768787869726,275396750720892930,9.9,2023-06-19 03:36:09.469158-04:00
868241768787869726,1072491770149085214,9.9,2023-06-19 03:36:09.481658-04:00
868241768787869726,751546017937096704,9.9,2023-06-19 03:36:09.488487-04:00
1007587167553454164,621909993435693058,9.9,2023-06-19 03:37:52.390347-04:00
416383984864329758,418913384734523430,9.9,2023-06-19 04:17:20.776314-04:00
416383984864329758,248780267815174165,9.9,2023-06-19 04:17:20.783086-04:00
416383984864329758,204036163848110080,9.9,2023-06-19 04:17:20.789893-04:00
430842498492006420,826343607328833567,9.9,2023-06-19 04:29:55.487981-04:00
868241768787869726,659360151807066112,9.9,2023-06-19 04:52:27.327790-04:00
868241768787869726,697803212832374854,9.9,2023-06-19 04:52:27.336062-04:00
868241768787869726,769491336138719253,19.8,2023-06-23 03:14:43.099207-04:00
640670140920365087,915385474313490502,9.9,2023-06-19 04:57:14.900858-04:00
673512089582567435,784624817046421515,9.9,2023-06-19 05:11:23.304965-04:00
416383984864329758,657288381423812640,19.8,2023-06-19 19:54:21.415727-04:00
341997113393283093,911413267526742076,9.9,2023-06-19 05:27:59.946173-04:00
424213351439269890,791847777918255115,9.9,2023-06-19 05:43:21.295440-04:00
576962723540369454,673512089582567435,9.9,2023-06-19 08:19:24.465728-04:00
272210988957302784,604887159823925259,9.9,2023-06-19 09:23:40.615127-04:00
882382237960642572,509920149432827904,9.9,2023-06-19 09:47:54.256849-04:00
737413108775256135,1030676466154864710,9.9,2023-06-19 12:15:35.023314-04:00
491771607723802646,898375971437166592,9.9,2023-06-19 12:20:01.300401-04:00
777295376599351307,644567609156829201,9.9,2023-06-19 14:02:26.007702-04:00
625187840837287937,509920149432827904,9.9,2023-06-19 14:06:53.188208-04:00
617595835122974730,928934711319986206,9.9,2023-06-19 14:51:39.120021-04:00
295796977139187712,232154564361453569,150.0,2023-06-19 14:59:26.331623-04:00
357665910498000898,693219811194306581,9.9,2023-06-19 16:39:08.906096-04:00
388176255167496200,1020198142198681610,9.9,2023-06-19 17:00:07.387362-04:00
456034249204826124,313790748439085067,9.9,2023-06-19 17:33:32.733334-04:00
456034249204826124,445318809004408832,9.9,2023-06-19 17:33:32.741578-04:00
764986031103148075,673512089582567435,9.9,2023-06-19 18:12:11.022293-04:00
799885323982340146,694026362960347136,9.9,2023-06-19 18:14:52.837218-04:00
625187840837287937,415782683889893376,691.4,2023-06-23 07:49:18.971237-04:00
491771607723802646,509920149432827904,19.8,2023-06-19 23:57:30.983837-04:00
868241768787869726,817651476092026882,19.8,2023-06-20 03:57:03.979664-04:00
868241768787869726,265725663196086284,9.9,2023-06-19 19:51:05.415098-04:00
652734883545743410,728405992320008332,9.9,2023-06-19 20:39:24.973260-04:00
388176255167496200,314578645589032960,9.9,2023-06-19 22:28:00.951609-04:00
644567609156829201,243623018864050176,9.9,2023-06-19 22:42:53.217388-04:00
576962723540369454,681036422597181505,99.0,2023-06-19 23:06:42.575258-04:00
576962723540369454,314578645589032960,99.0,2023-06-19 23:06:42.584447-04:00
777295376599351307,1082915196332417056,9.9,2023-06-19 23:51:51.121514-04:00
491771607723802646,944660312899088405,9.9,2023-06-19 23:57:30.977126-04:00
447529942088024075,662801990556057632,9.9,2023-06-20 00:04:06.589784-04:00
880642858284109874,505907945272246292,9.9,2023-06-20 00:26:39.176748-04:00
617595835122974730,1049878480424284233,9.9,2023-06-20 00:27:13.082443-04:00
341997113393283093,1055073077123371090,9.9,2023-06-20 01:07:16.186962-04:00
341997113393283093,751546017937096704,9.9,2023-06-20 01:20:18.859075-04:00
868241768787869726,1029200972595073025,9.9,2023-06-20 01:55:09.157167-04:00
868241768787869726,728405992320008332,9.9,2023-06-20 01:55:09.170308-04:00
388176255167496200,415782683889893376,9.9,2023-06-20 01:56:05.025463-04:00
625187840837287937,1072491770149085214,9.9,2023-06-20 02:05:30.333271-04:00
430842498492006420,944660312899088405,338.4,2023-06-22 17:04:40.230712-04:00
181228869959811072,943519937056628787,9.9,2023-06-20 03:32:52.561898-04:00
868241768787869726,204036163848110080,9.9,2023-06-20 03:57:03.971937-04:00
868241768787869726,621909993435693058,9.9,2023-06-20 03:57:03.987416-04:00
868241768787869726,904728071360368640,9.9,2023-06-20 03:57:03.996092-04:00
868241768787869726,576980014977777676,9.9,2023-06-20 03:57:04.003500-04:00
625187840837287937,697803212832374854,19.8,2023-06-20 05:58:38.024398-04:00
625187840837287937,1012994810719772702,9.9,2023-06-20 05:58:37.994895-04:00
625187840837287937,259737210171949058,9.9,2023-06-20 05:58:38.004127-04:00
625187840837287937,179419501580910600,9.9,2023-06-20 05:58:38.014670-04:00
625187840837287937,625187840837287937,9.9,2023-06-20 05:58:38.032370-04:00
625187840837287937,975434343264686080,9.9,2023-06-20 05:58:38.041602-04:00
625187840837287937,1055073077123371090,9.9,2023-06-20 05:58:38.050175-04:00
625187840837287937,954332558634663956,9.9,2023-06-20 05:58:38.058560-04:00
430842498492006420,805375805805821952,9.9,2023-06-20 06:21:27.487057-04:00
592195271849410560,911413267526742076,9.9,2023-06-20 06:23:21.574532-04:00
623902832164077580,1016463937367195699,99.0,2023-06-20 07:09:33.055750-04:00
350034833948409887,944660312899088405,374.9,2023-06-23 15:45:40.912508-04:00
333377436987293697,1049878480424284233,9.9,2023-06-20 07:44:07.024098-04:00
333377436987293697,805375805805821952,9.9,2023-06-20 07:44:07.032605-04:00
611740793870352384,146029137528619009,150.0,2023-06-20 09:48:38.659738-04:00
611740793870352384,333122573531611136,150.0,2023-06-20 09:48:38.666705-04:00
611740793870352384,857958176607305738,150.0,2023-06-20 09:48:38.673286-04:00
611740793870352384,634379911125008426,150.0,2023-06-20 09:48:38.680188-04:00
611740793870352384,1081508952694595627,150.0,2023-06-20 09:48:38.687039-04:00
611740793870352384,628289179712880660,150.0,2023-06-20 09:48:38.693950-04:00
611740793870352384,1078907577687089222,150.0,2023-06-20 09:48:38.700789-04:00
611740793870352384,977953361401905172,150.0,2023-06-20 09:48:38.707643-04:00
611740793870352384,873439732028301384,150.0,2023-06-20 09:48:38.714520-04:00
611740793870352384,1067118761666150400,150.0,2023-06-20 10:02:24.064847-04:00
333377436987293697,335816176804560899,9.9,2023-06-20 10:28:33.231652-04:00
868241768787869726,897451483593863210,9.9,2023-06-20 10:57:25.815833-04:00
868241768787869726,612067911217184818,9.9,2023-06-20 11:16:08.791926-04:00
625187840837287937,875652932287209522,150.0,2023-06-20 14:02:20.981834-04:00
625187840837287937,483109095499628584,150.0,2023-06-20 14:02:20.989522-04:00
625187840837287937,975927553237868655,150.0,2023-06-20 14:02:20.998145-04:00
625187840837287937,265306758040256522,150.0,2023-06-20 14:02:21.023176-04:00
804751562320379924,1082862800306704406,9.9,2023-06-20 14:31:55.198971-04:00
952388162150367322,369968450678030347,9.9,2023-06-20 14:35:49.954846-04:00
535256308987854858,562840422725189632,9.9,2023-06-20 15:08:35.006595-04:00
625187840837287937,826343607328833567,9.9,2023-06-20 15:14:01.087955-04:00
480561103068200990,243623018864050176,9.9,2023-06-20 15:39:13.787020-04:00
944660312899088405,456034249204826124,9.9,2023-06-20 15:39:35.975047-04:00
952388162150367322,265725663196086284,9.9,2023-06-20 16:48:04.419654-04:00
416383984864329758,420882722425143298,9.9,2023-06-20 16:49:09.450519-04:00
944660312899088405,723665884312371210,9.9,2023-06-20 17:16:50.900645-04:00
378026580473151488,420882722425143298,9.9,2023-06-20 17:31:07.982139-04:00
378026580473151488,956219043474460692,9.9,2023-06-20 17:31:07.992480-04:00
404363173181915148,275767588204707841,9.9,2023-06-20 17:46:24.277846-04:00
378026580473151488,416383984864329758,131.4,2023-06-20 18:02:16.234269-04:00
309923506819301376,1055073077123371090,9.9,2023-06-20 19:31:15.404718-04:00
416383984864329758,491771607723802646,9.9,2023-06-20 19:42:35.019425-04:00
416383984864329758,265725663196086284,9.9,2023-06-20 19:42:35.026363-04:00
952388162150367322,728405992320008332,9.9,2023-06-20 19:46:23.870152-04:00
625187840837287937,693219811194306581,9.9,2023-06-20 19:57:28.608993-04:00
357665910498000898,784624817046421515,9.9,2023-06-20 20:01:06.088937-04:00
323962047278874627,520191900112650240,678.9,2023-06-22 20:07:48.331115-04:00
388176255167496200,632811841122205707,99.0,2023-06-20 20:30:48.673870-04:00
430842498492006420,515741172098924547,197.1,2023-06-20 20:35:46.950893-04:00
777295376599351307,814340067807854592,9.9,2023-06-20 20:47:57.695073-04:00
1099135223247147143,644567609156829201,9.9,2023-06-20 21:41:35.194680-04:00
341997113393283093,420882722425143298,9.9,2023-06-20 22:42:19.547611-04:00
357665910498000898,703568681770287104,9.9,2023-06-20 23:34:29.581827-04:00
430842498492006420,537297943422828561,131.4,2023-06-20 23:37:48.026735-04:00
406734834359074816,406734834359074816,9.9,2023-06-21 00:56:09.799587-04:00
944660312899088405,830934706916818988,9.9,2023-06-21 21:51:55.402044-04:00
1099135223247147143,354813246294982656,197.1,2023-06-22 14:22:27.733134-04:00
1099135223247147143,279823973947015178,99.0,2023-06-22 14:27:05.398520-04:00
309923506819301376,805375805805821952,9.9,2023-06-22 15:01:04.288368-04:00
625187840837287937,1082862800306704406,9.9,2023-06-22 15:07:06.326904-04:00
619804409748127744,332541017750372354,9.9,2023-06-22 15:10:09.713672-04:00
944660312899088405,740093719847501886,9.9,2023-06-22 15:17:26.599394-04:00
181228869959811072,1011665060243976234,9.9,2023-06-22 15:25:05.004257-04:00
181228869959811072,817651476092026882,9.9,2023-06-22 15:25:05.011275-04:00
483109095499628584,1013049216400105613,9.9,2023-06-22 16:31:18.195081-04:00
483109095499628584,617595835122974730,9.9,2023-06-22 16:31:18.202364-04:00
406734834359074816,685431271303806992,9.9,2023-06-22 16:31:52.634088-04:00
726553506605170699,249285273043599360,9.9,2023-06-22 16:43:40.196399-04:00
430842498492006420,724131878579208242,9.9,2023-06-22 17:04:40.217383-04:00
308751100209528833,179419501580910600,99.0,2023-06-22 18:07:59.313075-04:00
868241768787869726,618198844701671425,9.9,2023-06-22 18:33:14.127694-04:00
868241768787869726,871188586488283207,9.9,2023-06-22 18:40:17.897615-04:00
868241768787869726,923742879799734336,9.9,2023-06-22 18:40:17.904520-04:00
428451817635053569,993515826684637196,197.1,2023-06-22 18:59:25.043316-04:00
357665910498000898,805375805805821952,9.9,2023-06-22 19:12:15.010883-04:00
388176255167496200,491771607723802646,9.9,2023-06-22 20:54:37.610040-04:00
576962723540369454,420882722425143298,159.9,2023-06-22 21:58:38.540965-04:00
784624817046421515,904524239472852993,9.9,2023-06-22 21:39:36.599496-04:00
309923506819301376,241000634260652032,9.9,2023-06-22 21:59:09.027193-04:00
416383984864329758,505907945272246292,9.9,2023-06-22 22:08:02.133923-04:00
963268665271275631,1099135223247147143,197.1,2023-06-22 22:15:39.609172-04:00
456034249204826124,456034249204826124,9.9,2023-06-22 22:18:52.578079-04:00
491771607723802646,622881903065825297,9.9,2023-06-22 22:30:34.437224-04:00
1099135223247147143,534099262292623381,99.0,2023-06-22 22:45:47.427213-04:00
1099135223247147143,468148823043211265,99.0,2023-06-22 22:45:47.435327-04:00
491771607723802646,1078907577687089222,9.9,2023-06-23 00:11:05.257385-04:00
378026580473151488,1011665060243976234,150.0,2023-06-23 00:38:47.105661-04:00
419785411968237570,179419501580910600,9.9,2023-06-23 00:41:05.281311-04:00
576962723540369454,784624817046421515,9.9,2023-06-23 00:43:03.496675-04:00
777295376599351307,1082862800306704406,9.9,2023-06-23 00:47:55.049345-04:00
952388162150367322,923742879799734336,9.9,2023-06-23 01:12:42.533995-04:00
753334993241112635,963268665271275631,9.9,2023-06-23 02:28:35.642222-04:00
753334993241112635,232154564361453569,9.9,2023-06-23 02:28:35.649235-04:00
753334993241112635,654702924437520394,9.9,2023-06-23 02:28:35.656032-04:00
416383984864329758,591038730366615571,9.9,2023-06-23 02:37:35.004489-04:00
416383984864329758,1082915196332417056,9.9,2023-06-23 02:58:17.914475-04:00
445318809004408832,1049878480424284233,9.9,2023-06-23 03:13:31.617086-04:00
720100389235720283,468148823043211265,9.9,2023-06-23 03:46:13.096428-04:00
1099135223247147143,1081508952694595627,9.9,2023-06-23 03:49:06.941158-04:00
522654151012909059,1081508952694595627,9.9,2023-06-23 03:50:50.675101-04:00
428451817635053569,1029200972595073025,9.9,2023-06-23 04:10:09.767255-04:00
617595835122974730,739399070879318096,9.9,2023-06-23 04:51:35.317391-04:00
341997113393283093,697803212832374854,9.9,2023-06-23 04:54:36.313862-04:00
799885323982340146,446516271383707648,9.9,2023-06-23 06:00:48.083540-04:00
590522801463754764,826071290070564927,9.9,2023-06-23 06:47:23.490787-04:00
590522801463754764,618198844701671425,9.9,2023-06-23 06:47:23.497901-04:00
415782683889893376,333305286213500928,9.9,2023-06-23 09:35:22.975053-04:00
490375121320542210,753544412264398890,9.9,2023-06-23 09:40:14.193268-04:00
799885323982340146,388176255167496200,9.9,2023-06-23 12:13:45.917023-04:00
509149124466311169,388176255167496200,9.9,2023-06-23 12:15:32.990942-04:00
451201495795236869,637754336201408532,197.1,2023-06-23 12:32:42.039949-04:00
283248919088201728,703568681770287104,9.9,2023-06-23 12:44:52.572658-04:00
637754336201408532,1055073077123371090,9.9,2023-06-23 12:56:18.229956-04:00
637754336201408532,728405992320008332,9.9,2023-06-23 12:56:18.237628-04:00
637754336201408532,965275531207639181,9.9,2023-06-23 12:56:18.246929-04:00
826343607328833567,762064767329632257,9.9,2023-06-23 13:11:37.392263-04:00
494316157864640519,1082862800306704406,9.9,2023-06-23 13:18:11.335799-04:00
216922599379173378,623902832164077580,9.9,2023-06-23 13:38:55.365282-04:00
952388162150367322,637469225941860352,9.9,2023-06-23 13:39:24.256885-04:00
952388162150367322,297919015144259586,9.9,2023-06-23 13:49:03.135066-04:00
726553506605170699,762064767329632257,9.9,2023-06-23 15:05:56.669530-04:00
428451817635053569,519274016847167495,394.2,2023-06-23 15:54:37.965767-04:00
428451817635053569,753334993241112635,394.2,2023-06-23 15:54:44.268237-04:00
1074745123079987210,717898166011297842,295.0,2023-08-03 20:03:36.658265-04:00
1080262452329070693,1074745123079987210,227.0,2023-08-03 20:20:26.921271-04:00
1080262452329070693,717898166011297842,13.14,2023-08-03 20:16:13.703374-04:00
717898166011297842,717898166011297842,17776.0,2023-10-18 11:31:49.448215-04:00
